,chr,start,end,width,strand,gene_id,gene_name,gene_biotype,seq_coord_system,description,gene_id_version,canonical_transcript,symbol,entrezid,n_cells_by_counts,mean_counts,log1p_mean_counts,pct_dropout_by_counts,total_counts,log1p_total_counts,n_nas,gene_weight,gene_weight_abs
ENSG00000289071,1,207822903,207823542,640,+,ENSG00000289071,,lncRNA,chromosome,novel transcript,ENSG00000289071.1,ENST00000685957,,,1814,2.2801619954504804,1.1878928100333166,0.0,4136.213859747171,8.327777859528776,0,3.207466186343518,3.207466186343518
ENSG00000275379,6,27871845,27872346,502,-,ENSG00000275379,H3C11,protein_coding,chromosome,H3 clustered histone 11 [Source:HGNC Symbol;Acc:HGNC:4771],ENSG00000275379.2,ENST00000616365,H3C11,8354,1811,1.8809299853761001,1.0581131536120518,0.1653803748621785,3412.0069934722455,8.135348997973534,0,-2.37003742024899,2.37003742024899
ENSG00000283956,8,116874728,116874800,73,-,ENSG00000283956,MIR3610,miRNA,chromosome,microRNA 3610 [Source:HGNC Symbol;Acc:HGNC:38942],ENSG00000283956.1,ENST00000582903,MIR3610,100500914,1809,1.719985488867703,1.0006265453185659,0.2756339581036382,3120.0536768060133,8.045925940715007,0,-2.240026855157895,2.240026855157895
ENSG00000235510,X,36957913,36958139,227,+,ENSG00000235510,,unprocessed_pseudogene,chromosome,transmembrane 4 superfamily member 10 (TM4SF10) pseudogene,ENSG00000235510.1,ENST00000421222,,,1812,0.8739381480991575,0.628042177988277,0.11025358324145973,1585.3238006518716,7.369174543179978,0,-2.052728410968501,2.052728410968501
ENSG00000266010,18,22164886,22169878,4993,-,ENSG00000266010,GATA6-AS1,lncRNA,chromosome,GATA6 antisense RNA 1 (head to head) [Source:HGNC Symbol;Acc:HGNC:48840],ENSG00000266010.3,ENST00000649008,GATA6-AS1,100128893,1813,1.7080118864110014,0.9962147444093028,0.055126791620729865,3098.3335619495565,8.038942387345449,0,-2.0264011543912814,2.0264011543912814
ENSG00000207779,3,160404588,160404685,98,+,ENSG00000207779,MIR15B,miRNA,chromosome,microRNA 15b [Source:HGNC Symbol;Acc:HGNC:31544],ENSG00000207779.1,ENST00000385045,MIR15B,406949,1813,0.6497132890231472,0.5006015085853409,0.055126791620729865,1178.579906287989,7.07291364245218,0,-1.8780197295313061,1.8780197295313061
ENSG00000278177,13,93226612,93227317,706,-,ENSG00000278177,,lncRNA,chromosome,"novel transcript, antisense to GPC6",ENSG00000278177.1,ENST00000610286,,,1813,1.5851659411442238,0.9497896997662918,0.055126791620729865,2875.491017235622,7.964326433487981,0,-1.8354079656777038,1.8354079656777038
ENSG00000124610,6,26017032,26017787,756,-,ENSG00000124610,H1-1,protein_coding,chromosome,"H1.1 linker histone, cluster member [Source:HGNC Symbol;Acc:HGNC:4715]",ENSG00000124610.5,ENST00000244573,H1-1,3024,1813,1.5257438850926022,0.9265356272963865,0.055126791620729865,2767.6994075579805,7.926132960961209,0,-1.7805015248829843,1.7805015248829843
ENSG00000270705,14,103207748,103207789,42,+,ENSG00000270705,,processed_pseudogene,chromosome,"collagen, type IV, alpha 1 (COL4A1) pseudogene",ENSG00000270705.1,ENST00000605531,,,1811,1.790850812205022,1.0263464999564065,0.1653803748621785,3248.60337333991,8.086288228904086,0,1.5089308130816916,1.5089308130816916
ENSG00000273355,18,813274,813756,483,+,ENSG00000273355,,lncRNA,chromosome,novel transcript,ENSG00000273355.1,ENST00000610185,,,1813,0.9159503821203417,0.6502137826164472,0.055126791620729865,1661.5339931663,7.416098219338295,0,-1.4483942790032405,1.4483942790032405
ENSG00000277402,6,31355224,31355316,93,-,ENSG00000277402,MIR6891,miRNA,chromosome,microRNA 6891 [Source:HGNC Symbol;Acc:HGNC:50243],ENSG00000277402.1,ENST00000618788,MIR6891,102465537,1812,1.2667679849513178,0.8183550217581983,0.11025358324145973,2297.9171247016907,7.740193475701804,0,1.4114065967598899,1.4114065967598899
ENSG00000224447,6,26016379,26016601,223,+,ENSG00000224447,H3P26,unprocessed_pseudogene,chromosome,H3 histone pseudogene 26 [Source:HGNC Symbol;Acc:HGNC:4770],ENSG00000224447.1,ENST00000437528,H3P26,,1813,0.9727843935671662,0.6794459425933098,0.055126791620729865,1764.6308899308394,7.476263350219274,0,-1.3381084202681892,1.3381084202681892
ENSG00000177508,16,54283304,54286787,3484,-,ENSG00000177508,IRX3,protein_coding,chromosome,iroquois homeobox 3 [Source:HGNC Symbol;Acc:HGNC:14360],ENSG00000177508.12,ENST00000329734,IRX3,79191,1813,1.5624251028863445,0.9409541158954617,0.055126791620729865,2834.239136635829,7.94988156415149,0,-1.2979828837392122,1.2979828837392122
ENSG00000207207,2,85434507,85434619,113,+,ENSG00000207207,Y_RNA,misc_RNA,chromosome,Y RNA [Source:RFAM;Acc:RF00019],ENSG00000207207.1,ENST00000384478,Y_RNA,,1812,0.7646298758551814,0.5679409663296546,0.11025358324145973,1387.038594801299,7.235646946732977,0,1.2567093338690465,1.2567093338690465
ENSG00000176842,16,54930865,54934485,3621,+,ENSG00000176842,IRX5,protein_coding,chromosome,iroquois homeobox 5 [Source:HGNC Symbol;Acc:HGNC:14361],ENSG00000176842.16,ENST00000394636,IRX5,10265,1813,1.4598873083884638,0.9001155392967943,0.055126791620729865,2648.2355774166736,7.882026416015091,0,-1.228144390931222,1.228144390931222
ENSG00000199347,1,11908152,11908271,120,+,ENSG00000199347,RNU5E-1,snRNA,chromosome,"RNA, U5E small nuclear 1 [Source:HGNC Symbol;Acc:HGNC:10215]",ENSG00000199347.1,ENST00000362477,RNU5E-1,,1810,1.2158497107336281,0.7956359465191004,0.22050716648290836,2205.5513752708016,7.699186112041898,0,1.197096058429183,1.197096058429183
ENSG00000273958,15,60593027,60593460,434,+,ENSG00000273958,,lncRNA,chromosome,novel transcript,ENSG00000273958.1,ENST00000620208,,,1813,1.476818893051912,0.9069750323928631,0.055126791620729865,2678.949471996168,7.893553219594395,0,-1.1768567362919597,1.1768567362919597
ENSG00000261439,16,56192614,56194518,1905,-,ENSG00000261439,GNAO1-AS1,lncRNA,chromosome,GNAO1 antisense RNA 1 [Source:HGNC Symbol;Acc:HGNC:24498],ENSG00000261439.1,ENST00000567381,GNAO1-AS1,26077,1813,1.2400857524723576,0.8065141474879289,0.055126791620729865,2249.515554984857,7.7189146044997505,0,1.173249809844404,1.173249809844404
ENSG00000138135,10,89205629,89207317,1689,-,ENSG00000138135,CH25H,protein_coding,chromosome,cholesterol 25-hydroxylase [Source:HGNC Symbol;Acc:HGNC:1907],ENSG00000138135.7,ENST00000371852,CH25H,9023,1813,1.4498526208356244,0.8960278679862957,0.055126791620729865,2630.0326541958225,7.875131692288177,0,1.1295585582889196,1.1295585582889196
ENSG00000276528,7,27096124,27096248,125,+,ENSG00000276528,,misc_RNA,chromosome,,ENSG00000276528.1,ENST00000622675,,,1809,1.8321671852454633,1.0410422084271027,0.2756339581036382,3323.5512740352706,8.109089988805323,0,1.1274301043366124,1.1274301043366124
ENSG00000221176,8,128049152,128049238,87,+,ENSG00000221176,MIR1207,miRNA,chromosome,microRNA 1207 [Source:HGNC Symbol;Acc:HGNC:35273],ENSG00000221176.1,ENST00000408249,MIR1207,100302175,1813,0.7069959082542188,0.5347350467703087,0.055126791620729865,1282.490577573153,7.157338659086861,0,1.083884230482544,1.083884230482544
ENSG00000278050,11,65423638,65423742,105,+,ENSG00000278050,,misc_RNA,chromosome,,ENSG00000278050.1,ENST00000620525,,,1808,2.406056068488203,1.2255550437868024,0.3307607497243681,4364.585708237601,8.381507642144289,0,1.0710354819128454,1.0710354819128454
ENSG00000264621,4,39411910,39411974,65,+,ENSG00000264621,MIR5591,miRNA,chromosome,microRNA 5591 [Source:HGNC Symbol;Acc:HGNC:43531],ENSG00000264621.1,ENST00000578248,MIR5591,100847065,1813,0.27613112290262787,0.24383294053853538,0.055126791620729865,500.901856945367,6.218404596485418,0,-1.022164123670828,1.022164123670828
ENSG00000277184,7,44985378,44985510,133,-,ENSG00000277184,SNORA9,snoRNA,chromosome,"small nucleolar RNA, H/ACA box 9 [Source:HGNC Symbol;Acc:HGNC:32597]",ENSG00000277184.1,ENST00000384215,SNORA9,677798,1813,1.1476975133191476,0.7643963442530829,0.055126791620729865,2081.9232891609336,7.64152761348775,0,0.9997838722249259,0.9997838722249259
ENSG00000223309,X,48959179,48959282,104,-,ENSG00000223309,RNU6-722P,snRNA,chromosome,"RNA, U6 small nuclear 722, pseudogene [Source:HGNC Symbol;Acc:HGNC:47685]",ENSG00000223309.1,ENST00000411377,RNU6-722P,,1813,1.36748615311435,0.8618286973236534,0.055126791620729865,2480.619881749431,7.816666804055813,0,-0.9976807236539696,0.9976807236539696
ENSG00000259195,15,85770990,85771163,174,+,ENSG00000259195,,processed_pseudogene,chromosome,ribosomal protein S2 (RPS2) pseudogene,ENSG00000259195.1,ENST00000559631,,,1811,0.5146967309954134,0.4152152413623471,0.1653803748621785,933.6598700256799,6.840182687732771,0,-0.9681226098804839,0.9681226098804839
ENSG00000289259,11,65471472,65472129,658,-,ENSG00000289259,,lncRNA,chromosome,novel transcript,ENSG00000289259.1,ENST00000693006,,,1813,1.8390044782154868,1.0434534548814487,0.055126791620729865,3335.954123482893,8.112813730824355,0,0.9640974775710013,0.9640974775710013
ENSG00000229604,2,87824942,87825143,202,+,ENSG00000229604,MTATP8P2,processed_pseudogene,chromosome,MT-ATP8 pseudogene 2 [Source:HGNC Symbol;Acc:HGNC:44572],ENSG00000229604.2,ENST00000435212,MTATP8P2,,1814,0.4877278355255976,0.39725001344871785,0.0,884.7382936434341,6.786421527336974,0,-0.9444955446426158,0.9444955446426158
ENSG00000238279,1,153533439,153535129,1691,+,ENSG00000238279,,lncRNA,chromosome,novel transcript,ENSG00000238279.2,ENST00000420695,,,1814,1.6438044646038126,0.9722189648688294,0.0,2981.861298791316,8.000638286213242,0,0.9296563122163465,0.9296563122163465
ENSG00000261120,14,59919423,59920339,917,-,ENSG00000261120,,lncRNA,chromosome,"novel transcript, antisense to LRRC9",ENSG00000261120.1,ENST00000565968,,,1813,1.3717526386030945,0.8636291918033934,0.055126791620729865,2488.3592864260136,7.8197806416593005,0,-0.927999432573227,0.927999432573227
ENSG00000208024,1,172144535,172144644,110,-,ENSG00000208024,MIR199A2,miRNA,chromosome,microRNA 199a-2 [Source:HGNC Symbol;Acc:HGNC:31572],ENSG00000208024.1,ENST00000385289,MIR199A2,406977,1814,1.5175699767117248,0.9232941413361822,0.0,2752.8719377550688,7.920763177755376,0,-0.9041462781221891,0.9041462781221891
ENSG00000283238,2,188978093,188978161,69,-,ENSG00000283238,MIR1245B,miRNA,chromosome,microRNA 1245b [Source:HGNC Symbol;Acc:HGNC:41794],ENSG00000283238.1,ENST00000636115,MIR1245B,100616324,1813,0.9104280622722486,0.6473273333211209,0.055126791620729865,1651.516504961859,7.410054559550008,0,-0.9026248075570328,0.9026248075570328
ENSG00000221502,2,188978092,188978161,70,+,ENSG00000221502,MIR1245A,miRNA,chromosome,microRNA 1245a [Source:HGNC Symbol;Acc:HGNC:35311],ENSG00000221502.1,ENST00000408575,MIR1245A,100302219,1813,0.9103155145771088,0.6472684192940952,0.055126791620729865,1651.3123434428753,7.409931006090141,0,-0.9019389439844504,0.9019389439844504
ENSG00000248527,1,633696,634376,681,+,ENSG00000248527,MTATP6P1,unprocessed_pseudogene,chromosome,MT-ATP6 pseudogene 1 [Source:HGNC Symbol;Acc:HGNC:44575],ENSG00000248527.1,ENST00000514057,MTATP6P1,,1805,0.40992917127100703,0.3435394699872206,0.4961411245865466,743.6115166856067,6.6128626282618015,0,0.8789266978222858,0.8789266978222858
ENSG00000252763,3,159808416,159808570,155,-,ENSG00000252763,RNU2-31P,snRNA,chromosome,"RNA, U2 small nuclear 31, pseudogene [Source:HGNC Symbol;Acc:HGNC:48524]",ENSG00000252763.1,ENST00000516954,RNU2-31P,,1813,0.4761128351622536,0.38941216984328203,0.055126791620729865,863.668682984328,6.762346408107251,0,0.871681854443484,0.871681854443484
ENSG00000276984,16,424243,424543,301,-,ENSG00000276984,,lncRNA,chromosome,novel transcript,ENSG00000276984.1,ENST00000621088,,,1813,1.2347612695599817,0.8041344078459061,0.055126791620729865,2239.8569429818067,7.714613635521365,0,0.8437921490750577,0.8437921490750577
ENSG00000207631,19,40282543,40282641,99,-,ENSG00000207631,MIR641,miRNA,chromosome,microRNA 641 [Source:HGNC Symbol;Acc:HGNC:32897],ENSG00000207631.1,ENST00000384899,MIR641,693226,1813,0.8006601618203771,0.5881533542302452,0.055126791620729865,1452.3975335421642,7.281659221154925,0,-0.8374006728472634,0.8374006728472634
ENSG00000287569,20,26009792,26011243,1452,+,ENSG00000287569,,lncRNA,chromosome,novel transcript,ENSG00000287569.1,ENST00000668826,,,1813,1.5262175933874906,0.9267231617019019,0.055126791620729865,2768.558714404908,7.926443277611282,0,-0.8038540808093081,0.8038540808093081
ENSG00000289288,1,151146803,151148054,1252,+,ENSG00000289288,,lncRNA,chromosome,novel transcript,ENSG00000289288.1,ENST00000687576,,,1814,1.63955780421451,0.9706114047252059,0.0,2974.1578568451214,7.998052377696449,0,0.8028980942034661,0.8028980942034661
ENSG00000260021,1,202810238,202810829,592,-,ENSG00000260021,,lncRNA,chromosome,"novel transcript, antisense to a novel transcript",ENSG00000260021.1,ENST00000564127,,,1814,1.8498178608730103,1.0472550837727157,0.0,3355.5695996236404,8.11867477893729,0,0.7885527785928792,0.7885527785928792
ENSG00000201041,7,128697439,128697556,118,+,ENSG00000201041,RNA5SP242,rRNA_pseudogene,chromosome,"RNA, 5S ribosomal pseudogene 242 [Source:HGNC Symbol;Acc:HGNC:43142]",ENSG00000201041.1,ENST00000364171,RNA5SP242,,1813,1.2292762061111902,0.8016769615367914,0.055126791620729865,2229.907037885699,7.710163525202974,0,-0.7866762013357727,0.7866762013357727
ENSG00000159388,1,203305491,203309602,4112,+,ENSG00000159388,BTG2,protein_coding,chromosome,BTG anti-proliferation factor 2 [Source:HGNC Symbol;Acc:HGNC:1131],ENSG00000159388.6,ENST00000290551,BTG2,7832,1814,2.3325481873952634,1.2037372327997218,0.0,4231.242411935008,8.350487252600638,0,0.7727573842091511,0.7727573842091511
ENSG00000207340,1,148362370,148362533,164,-,ENSG00000207340,RNVU1-1,snRNA,chromosome,"RNA, variant U1 small nuclear 1 [Source:HGNC Symbol;Acc:HGNC:10133]",ENSG00000207340.1,ENST00000384610,RNVU1-1,101954273,1814,0.9270902988568424,0.6560112481458852,0.0,1681.741802126312,7.428179767166766,0,-0.7694040668084062,0.7694040668084062
ENSG00000286813,15,79894502,79896695,2194,-,ENSG00000286813,,lncRNA,chromosome,"novel transcript, sense intronic to ST20-MTHFSand MTHFS",ENSG00000286813.1,ENST00000655674,,,1813,1.2984250748467157,0.8322241383200543,0.055126791620729865,2355.3430857719422,7.76486615631389,0,-0.7607544773832418,0.7607544773832418
ENSG00000129538,14,20801228,20802855,1628,-,ENSG00000129538,RNASE1,protein_coding,chromosome,"ribonuclease A family member 1, pancreatic [Source:HGNC Symbol;Acc:HGNC:10044]",ENSG00000129538.14,ENST00000397967,RNASE1,6035,1813,1.4565196984306656,0.8987455914955609,0.055126791620729865,2642.1267329532275,7.87971786387212,0,0.7548479060468957,0.7548479060468957
ENSG00000283710,8,127795962,127796028,67,+,ENSG00000283710,MIR1204,miRNA,chromosome,microRNA 1204 [Source:HGNC Symbol;Acc:HGNC:37059],ENSG00000283710.1,ENST00000408388,MIR1204,100302185,1813,0.8102764732918796,0.5934795812880677,0.055126791620729865,1469.8415225514696,7.293589980298319,0,0.7523801341389462,0.7523801341389462
ENSG00000207581,9,128244721,128244830,110,-,ENSG00000207581,MIR199B,miRNA,chromosome,microRNA 199b [Source:HGNC Symbol;Acc:HGNC:31573],ENSG00000207581.1,ENST00000384849,MIR199B,406978,1812,1.1557871735494525,0.7681559346072016,0.11025358324145973,2096.597932818707,7.6485481275106215,0,-0.7373597064557165,0.7373597064557165
ENSG00000135111,12,114670255,114684175,13921,-,ENSG00000135111,TBX3,protein_coding,chromosome,T-box transcription factor 3 [Source:HGNC Symbol;Acc:HGNC:11602],ENSG00000135111.16,ENST00000349155,TBX3,6926,1813,1.5186539646864352,0.9237246178217646,0.055126791620729865,2754.8382919411933,7.9214769554996245,0,-0.7320873646037547,0.7320873646037547
ENSG00000107872,10,102419189,102423136,3948,+,ENSG00000107872,FBXL15,protein_coding,chromosome,F-box and leucine rich repeat protein 15 [Source:HGNC Symbol;Acc:HGNC:28155],ENSG00000107872.14,ENST00000369956,FBXL15,79176,1813,2.0482220543186322,1.1145584876375305,0.055126791620729865,3715.4748065339986,8.220530865327357,0,0.7292801290293931,0.7292801290293931
ENSG00000276770,6,43434542,43434620,79,+,ENSG00000276770,MIR6780B,miRNA,chromosome,microRNA 6780b [Source:HGNC Symbol;Acc:HGNC:50237],ENSG00000276770.1,ENST00000610307,MIR6780B,102466746,1813,0.4531806365546709,0.37375469658212956,0.055126791620729865,822.069674710173,6.713040856522792,0,0.7262078794392666,0.7262078794392666
ENSG00000199043,7,130496111,130496204,94,+,ENSG00000199043,MIR335,miRNA,chromosome,microRNA 335 [Source:HGNC Symbol;Acc:HGNC:31773],ENSG00000199043.1,ENST00000362173,MIR335,442904,1813,0.3247930032562175,0.28125622327638033,0.055126791620729865,589.1745079067786,6.380418269279818,0,-0.7252131104331142,0.7252131104331142
ENSG00000266589,15,66496958,66497034,77,-,ENSG00000266589,MIR4512,miRNA,chromosome,microRNA 4512 [Source:HGNC Symbol;Acc:HGNC:41701],ENSG00000266589.1,ENST00000583257,MIR4512,100616149,1813,1.5181630942013629,0.9235297048515744,0.055126791620729865,2753.9478528812724,7.921153793234108,0,-0.694955543917924,0.694955543917924
ENSG00000272836,22,50205585,50206062,478,-,ENSG00000272836,,lncRNA,chromosome,"novel transcript, antisense to SELO",ENSG00000272836.1,ENST00000610050,,,1813,0.6878289297246246,0.5234430460881521,0.055126791620729865,1247.7216785204691,7.129875649842083,0,-0.678718964832707,0.678718964832707
ENSG00000277653,9,22117665,22117814,150,+,ENSG00000277653,,misc_RNA,chromosome,,ENSG00000277653.1,ENST00000617921,,,1813,0.6176339577458083,0.4809645617354679,0.055126791620729865,1120.3879993508963,7.0223224821439,0,-0.6575818143672765,0.6575818143672765
ENSG00000251508,1,233295325,233295727,403,-,ENSG00000251508,,unprocessed_pseudogene,chromosome,pecanex homolog (Drosophila) (PCNX) pseudogene,ENSG00000251508.1,ENST00000506013,,,1814,1.7426016223948773,1.008906967137032,0.0,3161.0793430243075,8.05898511012516,0,0.6230303904680781,0.6230303904680781
ENSG00000274816,16,57772289,57772352,64,-,ENSG00000274816,MIR6772,miRNA,chromosome,microRNA 6772 [Source:HGNC Symbol;Acc:HGNC:50064],ENSG00000274816.1,ENST00000616699,MIR6772,102465463,1813,0.3587421276543944,0.3065593656218848,0.055126791620729865,650.7582195650714,6.47967366426469,0,-0.6040563032757218,0.6040563032757218
ENSG00000273750,17,48723188,48723314,127,+,ENSG00000273750,,misc_RNA,chromosome,,ENSG00000273750.1,ENST00000613209,,,1812,0.8476945668794904,0.6139386818970209,0.11025358324145973,1537.7179443193957,7.338704844995329,0,-0.5987655775052879,0.5987655775052879
ENSG00000151365,11,78063861,78068351,4491,+,ENSG00000151365,THRSP,protein_coding,chromosome,thyroid hormone responsive [Source:HGNC Symbol;Acc:HGNC:11800],ENSG00000151365.2,ENST00000281030,THRSP,7069,1813,0.40477282177717516,0.33987559702675296,0.055126791620729865,734.2578987037957,6.600221320258135,0,-0.5913024241995907,0.5913024241995907
ENSG00000264553,1,150551929,150552014,86,+,ENSG00000264553,MIR4257,miRNA,chromosome,microRNA 4257 [Source:HGNC Symbol;Acc:HGNC:38312],ENSG00000264553.1,ENST00000581735,MIR4257,100422997,1814,0.9760686883543561,0.6811093600344489,0.0,1770.588600674802,7.479631937548099,0,0.577981533369176,0.577981533369176
ENSG00000288925,1,203290128,203290500,373,-,ENSG00000288925,,lncRNA,chromosome,novel transcript,ENSG00000288925.1,ENST00000692478,,,1814,1.9424012930478467,1.0792260143212782,0.0,3523.515945588794,8.167498385416717,0,0.5228640333938367,0.5228640333938367
ENSG00000266072,13,51348567,51348639,73,-,ENSG00000266072,MIR5693,miRNA,chromosome,microRNA 5693 [Source:HGNC Symbol;Acc:HGNC:43499],ENSG00000266072.1,ENST00000577722,MIR5693,100847003,1813,0.2671586903034025,0.23677714235426844,0.055126791620729865,484.6258642103722,6.185438500704106,0,-0.5205553783881292,0.5205553783881292
ENSG00000205138,19,35995188,35996312,1125,+,ENSG00000205138,SDHAF1,protein_coding,chromosome,succinate dehydrogenase complex assembly factor 1 [Source:HGNC Symbol;Acc:HGNC:33867],ENSG00000205138.4,ENST00000378887,SDHAF1,644096,1813,2.044183108935545,1.1132325922426698,0.055126791620729865,3708.1481596090784,8.218557522663483,0,0.5176482520773672,0.5176482520773672
ENSG00000289248,7,155252837,155254106,1270,-,ENSG00000289248,,lncRNA,chromosome,novel transcript,ENSG00000289248.1,ENST00000686633,,,1813,0.5061970822980509,0.40958798555540044,0.055126791620729865,918.2415072886644,6.823548881399149,0,-0.5148471023770762,0.5148471023770762
ENSG00000272986,4,70703747,70704491,745,-,ENSG00000272986,,lncRNA,chromosome,"novel transcript, antisense to RUFY3",ENSG00000272986.1,ENST00000609599,,,1813,1.844789726159272,1.0454891548852268,0.055126791620729865,3346.4485632529195,8.115953711727458,0,-0.475693867791635,0.475693867791635
ENSG00000266226,19,42133445,42133513,69,-,ENSG00000266226,MIR4323,miRNA,chromosome,microRNA 4323 [Source:HGNC Symbol;Acc:HGNC:38394],ENSG00000266226.1,ENST00000582929,MIR4323,100422980,1812,1.2059237100064892,0.7911463372806725,0.11025358324145973,2187.5456099517714,7.690992497150258,0,0.46816086250864597,0.46816086250864597
ENSG00000207145,11,93733466,93733597,132,-,ENSG00000207145,SNORA18,snoRNA,chromosome,"small nucleolar RNA, H/ACA box 18 [Source:HGNC Symbol;Acc:HGNC:32608]",ENSG00000207145.1,ENST00000384416,SNORA18,677805,1813,0.6473326924245876,0.49915742983990896,0.055126791620729865,1174.2615040582018,7.069245958461481,0,-0.43743142369008053,0.43743142369008053
ENSG00000284143,12,120723193,120723266,74,+,ENSG00000284143,MIR4700,miRNA,chromosome,microRNA 4700 [Source:HGNC Symbol;Acc:HGNC:41806],ENSG00000284143.1,ENST00000578311,MIR4700,100616329,1813,0.5383901505421155,0.43073651286821635,0.055126791620729865,976.6397330833976,6.885141231089153,0,-0.4362355175024436,0.4362355175024436
ENSG00000288935,16,4307200,4307624,425,-,ENSG00000288935,,lncRNA,chromosome,novel transcript,ENSG00000288935.1,ENST00000689542,,,1812,1.863928196926636,1.0521941778786146,0.11025358324145973,3381.1657492249174,8.12627153749029,0,-0.42226621154804145,0.42226621154804145
ENSG00000125798,20,22580998,22585455,4458,-,ENSG00000125798,FOXA2,protein_coding,chromosome,forkhead box A2 [Source:HGNC Symbol;Acc:HGNC:5022],ENSG00000125798.15,ENST00000419308,FOXA2,3170,1813,1.0839719278027884,0.7342756534562431,0.055126791620729865,1966.3250770342581,7.584430070130404,0,-0.41470183308496456,0.41470183308496456
ENSG00000265304,5,38557502,38557561,60,-,ENSG00000265304,MIR3650,miRNA,chromosome,microRNA 3650 [Source:HGNC Symbol;Acc:HGNC:38981],ENSG00000265304.1,ENST00000581972,MIR3650,100500824,1811,1.89583671041953,1.06327408841016,0.1653803748621785,3439.0477927010274,8.143240643497977,0,-0.4094262469147917,0.4094262469147917
ENSG00000277846,11,62853663,62853732,70,-,ENSG00000277846,SNORD30,snoRNA,chromosome,"small nucleolar RNA, C/D box 30 [Source:HGNC Symbol;Acc:HGNC:10157]",ENSG00000277846.1,ENST00000384693,SNORD30,9299,1813,1.1573055692203773,0.7688600213608182,0.055126791620729865,2099.3523025657646,7.649860372767409,0,-0.3862232217244699,0.3862232217244699
ENSG00000267675,18,58416765,58417628,864,+,ENSG00000267675,,lncRNA,chromosome,novel transcript,ENSG00000267675.1,ENST00000585470,,,1813,0.4899794643784969,0.39876233756608026,0.055126791620729865,888.8227483825933,6.791022283770692,0,-0.37620374952431096,0.37620374952431096
ENSG00000284847,4,6658690,6658981,292,+,ENSG00000284847,,unprocessed_pseudogene,chromosome,Morf4 family associated protein 1 (MRFAP1) pseudogene,ENSG00000284847.1,ENST00000644416,,,1813,1.5653535070115245,0.9420962886241688,0.055126791620729865,2839.5512617189056,7.951753418558124,0,0.35029846840745077,0.35029846840745077
ENSG00000278144,11,65423273,65423392,120,+,ENSG00000278144,,misc_RNA,chromosome,,ENSG00000278144.1,ENST00000620348,,,1807,2.433728389256078,1.2336466647798978,0.38588754134509795,4414.783298110526,8.392940514767021,0,0.3378568500606807,0.3378568500606807
ENSG00000270522,13,43787591,43787852,262,+,ENSG00000270522,,lncRNA,chromosome,novel transcript,ENSG00000270522.1,ENST00000604480,,,1813,1.2973705985815234,0.8317652509548944,0.055126791620729865,2353.4302658268834,7.76405405184296,0,0.32523365962653905,0.32523365962653905
ENSG00000277563,10,24255246,24255333,88,+,ENSG00000277563,,misc_RNA,chromosome,,ENSG00000277563.1,ENST00000621023,,,1812,0.5623987222766802,0.4462222827847342,0.11025358324145973,1020.191282209898,6.9287251485211545,0,-0.3128477004522504,0.3128477004522504
ENSG00000288772,1,43368208,43368608,401,+,ENSG00000288772,,lncRNA,chromosome,novel transcript,ENSG00000288772.1,ENST00000686069,,,1814,2.1191302180460907,1.1375541866887855,0.0,3844.102215535608,8.254555465600857,0,0.3031649459058739,0.3031649459058739
ENSG00000284416,11,61815161,61815240,80,-,ENSG00000284416,MIR1908,miRNA,chromosome,microRNA 1908 [Source:HGNC Symbol;Acc:HGNC:35392],ENSG00000284416.1,ENST00000410394,MIR1908,100302263,1808,1.5924383670174425,0.9525988872680498,0.3307607497243681,2888.6831977696406,7.968902154948837,0,0.2792565092200976,0.2792565092200976
ENSG00000212542,22,31305404,31305512,109,+,ENSG00000212542,RNA5SP496,rRNA_pseudogene,chromosome,"RNA, 5S ribosomal pseudogene 496 [Source:HGNC Symbol;Acc:HGNC:43396]",ENSG00000212542.1,ENST00000391240,RNA5SP496,,1813,0.21165525734050958,0.19198740604787604,0.055126791620729865,383.94263681568435,5.953094327902948,0,0.23025729487738741,0.23025729487738741
ENSG00000264175,19,18386562,18386634,73,+,ENSG00000264175,MIR3189,miRNA,chromosome,microRNA 3189 [Source:HGNC Symbol;Acc:HGNC:38307],ENSG00000264175.1,ENST00000578735,MIR3189,100422943,1811,0.9871122285537968,0.6866824433807028,0.1653803748621785,1790.6215825965874,7.490876400809251,0,-0.219349988846401,0.219349988846401
ENSG00000284118,14,22956950,22957029,80,-,ENSG00000284118,MIR4707,miRNA,chromosome,microRNA 4707 [Source:HGNC Symbol;Acc:HGNC:41531],ENSG00000284118.1,ENST00000579686,MIR4707,100616424,1811,2.2039997974651184,1.1643999659929767,0.1653803748621785,3998.0556326017245,8.293813520378391,0,0.21630095496553464,0.21630095496553464
ENSG00000264370,2,12737367,12737444,78,+,ENSG00000264370,MIR3125,miRNA,chromosome,microRNA 3125 [Source:HGNC Symbol;Acc:HGNC:38219],ENSG00000264370.1,ENST00000579927,MIR3125,100422986,1814,0.7338399320759394,0.5503385627225021,0.0,1331.1856367857542,7.194576208345934,0,0.18810171614211463,0.18810171614211463
ENSG00000266533,22,46091044,46091126,83,+,ENSG00000266533,MIR3619,miRNA,chromosome,microRNA 3619 [Source:HGNC Symbol;Acc:HGNC:38998],ENSG00000266533.1,ENST00000579667,MIR3619,100500828,1813,1.253962410714982,0.8126897387770992,0.055126791620729865,2274.6878130369773,7.730037621091783,0,-0.18487345906248762,0.18487345906248762
ENSG00000289239,10,7412097,7412619,523,-,ENSG00000289239,,lncRNA,chromosome,novel transcript,ENSG00000289239.1,ENST00000688116,,,1812,1.4903542957550817,0.9124249878065569,0.11025358324145973,2703.5026924997183,7.902673326873833,0,0.18297005551432494,0.18297005551432494
ENSG00000165644,10,75233641,75236030,2390,-,ENSG00000165644,COMTD1,protein_coding,chromosome,catechol-O-methyltransferase domain containing 1 [Source:HGNC Symbol;Acc:HGNC:26309],ENSG00000165644.11,ENST00000372538,COMTD1,118881,1813,1.9049088925406292,1.0664020275196853,0.055126791620729865,3455.5047310687014,8.148013164129848,0,0.1631945273019296,0.1631945273019296
ENSG00000169740,10,43643860,43648881,5022,-,ENSG00000169740,ZNF32,protein_coding,chromosome,zinc finger protein 32 [Source:HGNC Symbol;Acc:HGNC:13095],ENSG00000169740.14,ENST00000374433,ZNF32,7580,1813,1.7365211180357036,1.006687448742058,0.055126791620729865,3150.0493081167665,8.055490790037496,0,0.16107322500076862,0.16107322500076862
ENSG00000175602,11,65890673,65891635,963,+,ENSG00000175602,CCDC85B,protein_coding,chromosome,coiled-coil domain containing 85B [Source:HGNC Symbol;Acc:HGNC:24926],ENSG00000175602.4,ENST00000312579,CCDC85B,11007,1812,2.1570915237283335,1.1496511998836434,0.11025358324145973,3912.964024043197,8.272305956304988,0,0.1609005467666717,0.1609005467666717
ENSG00000278517,17,4970086,4970150,65,-,ENSG00000278517,MIR6865,miRNA,chromosome,microRNA 6865 [Source:HGNC Symbol;Acc:HGNC:50182],ENSG00000278517.1,ENST00000614295,MIR6865,102465522,1811,0.884772493796501,0.633807120669841,0.1653803748621785,1604.9773037468528,7.38148776224424,0,-0.1604527323481075,0.1604527323481075
LRG_564,10,102065367,102068038,2672,+,LRG_564,HPS6,LRG_gene,chromosome,HPS6 biogenesis of lysosomal organelles complex 2 subunit 3 [Source:HGNC Symbol;Acc:HGNC:18817],LRG_564.1,LRG_564t1,HPS6,79803,1813,1.9641993786032135,1.0866069719067624,0.055126791620729865,3563.0576727862294,8.178654970498558,0,0.15549706292647633,0.15549706292647633
ENSG00000166189,10,102065349,102068036,2688,+,ENSG00000166189,HPS6,protein_coding,chromosome,HPS6 biogenesis of lysosomal organelles complex 2 subunit 3 [Source:HGNC Symbol;Acc:HGNC:18817],ENSG00000166189.8,ENST00000299238,HPS6,79803,1813,1.9639883505333084,1.0865357771067201,0.055126791620729865,3562.6748678674217,8.178547557680528,0,0.15448688686303813,0.15448688686303813
ENSG00000250734,1,151612038,151613363,1326,-,ENSG00000250734,,lncRNA,chromosome,"novel transcript, antisense to SNX27",ENSG00000250734.2,ENST00000504583,,,1814,2.0573493705865022,1.1175483218174438,0.0,3732.0317582439147,8.224975986310465,0,0.14020882921326944,0.14020882921326944
ENSG00000270123,5,136080470,136080597,128,-,ENSG00000270123,VTRNA2-1,vault_RNA,chromosome,vault RNA 2-1 [Source:HGNC Symbol;Acc:HGNC:37054],ENSG00000270123.4,ENST00000602301,VTRNA2-1,,1813,1.0141878110522866,0.7002160427054479,0.055126791620729865,1839.736689248848,7.517921145066277,0,-0.14006446214621793,0.14006446214621793
ENSG00000229167,1,31571585,31577898,6314,-,ENSG00000229167,,lncRNA,chromosome,novel transcript,ENSG00000229167.2,ENST00000435872,,,1814,1.5027971518895138,0.9174089671717555,0.0,2726.074033527578,7.910984530818692,0,0.13873216449438575,0.13873216449438575
ENSG00000256917,12,68487687,68487863,177,+,ENSG00000256917,,processed_pseudogene,chromosome,chromosome 5 open reading frame 62 (C5orf62) pseudogene,ENSG00000256917.1,ENST00000542626,,,1810,0.3353270909701179,0.28917627380431893,0.22050716648290836,608.283343019794,6.412283418984477,0,-0.07776894286277602,0.07776894286277602
ENSG00000211770,7,142797239,142797291,53,+,ENSG00000211770,TRBJ2-6,TR_J_gene,chromosome,T cell receptor beta joining 2-6 [Source:HGNC Symbol;Acc:HGNC:12174],ENSG00000211770.1,ENST00000390418,TRBJ2-6,,1809,1.6842368538233257,0.9873964617969058,0.2756339581036382,3055.205652835513,8.024929442798237,0,0.07584932558572192,0.07584932558572192
LRG_1104,5,136080491,136080598,108,-,LRG_1104,VTRNA2-1,LRG_gene,chromosome,vault RNA 2-1 [Source:HGNC Symbol;Acc:HGNC:37054],LRG_1104.1,LRG_1104t1,VTRNA2-1,,1813,1.0010004892727271,0.693647300115673,0.055126791620729865,1815.814887540727,7.5048401851329,0,-0.06132347870274253,0.06132347870274253
ENSG00000117318,1,23557926,23559501,1576,-,ENSG00000117318,ID3,protein_coding,chromosome,"inhibitor of DNA binding 3, HLH protein [Source:HGNC Symbol;Acc:HGNC:5362]",ENSG00000117318.9,ENST00000374561,ID3,3399,1814,2.2619156488788494,1.1823146451516808,0.0,4103.114987066233,8.319745404749092,0,0.052417085268633756,0.052417085268633756
ENSG00000278815,5,136080497,136080597,101,-,ENSG00000278815,Vault,misc_RNA,chromosome,Vault RNA [Source:RFAM;Acc:RF00006],ENSG00000278815.1,ENST00000365160,Vault,,1813,0.9971807710449451,0.6917365716413013,0.055126791620729865,1808.8859186755303,7.50101909391744,0,-0.042593387642348955,0.042593387642348955
ENSG00000279602,17,43360041,43361361,1321,-,ENSG00000279602,,TEC,chromosome,TEC,ENSG00000279602.1,ENST00000624705,,,1813,1.8508834738543358,1.047628937069413,0.055126791620729865,3357.5026215717653,8.119250505284779,0,0.03819368706594418,0.03819368706594418
ENSG00000207972,19,10718404,10718503,100,+,ENSG00000207972,MIR638,miRNA,chromosome,microRNA 638 [Source:HGNC Symbol;Acc:HGNC:32894],ENSG00000207972.1,ENST00000385237,MIR638,693223,1810,2.0809278553852653,1.1252308033667489,0.22050716648290836,3774.8031296688714,8.2363683886363,0,0.02709487422657625,0.02709487422657625
ENSG00000284525,11,3856062,3856141,80,+,ENSG00000284525,MIR4687,miRNA,chromosome,microRNA 4687 [Source:HGNC Symbol;Acc:HGNC:41712],ENSG00000284525.1,ENST00000583618,MIR4687,100616453,1810,2.0326431049779354,1.109434551152292,0.22050716648290836,3687.214592429975,8.212897769651269,0,0.025811713547347254,0.025811713547347254
ENSG00000263527,18,13611114,13611200,87,+,ENSG00000263527,MIR4526,miRNA,chromosome,microRNA 4526 [Source:HGNC Symbol;Acc:HGNC:41618],ENSG00000263527.1,ENST00000583168,MIR4526,100616130,1813,1.542560228486837,0.9331715373470603,0.055126791620729865,2798.204254475122,7.937090460941978,0,0.001717739456899557,0.001717739456899557
